CREATE DATABASE  IF NOT EXISTS `create_drop1_db` /*!40100 DEFAULT CHARACTER SET utf8mb3 */ /*!80016 DEFAULT ENCRYPTION='N' */;
USE `create_drop1_db`;
-- MySQL dump 10.13  Distrib 8.0.31, for Win64 (x86_64)
--
-- Host: localhost    Database: login_afiliado
-- ------------------------------------------------------
-- Server version	8.0.31

/*!40101 SET @OLD_CHARACTER_SET_CLIENT=@@CHARACTER_SET_CLIENT */;
/*!40101 SET @OLD_CHARACTER_SET_RESULTS=@@CHARACTER_SET_RESULTS */;
/*!40101 SET @OLD_COLLATION_CONNECTION=@@COLLATION_CONNECTION */;
/*!50503 SET NAMES utf8 */;
/*!40103 SET @OLD_TIME_ZONE=@@TIME_ZONE */;
/*!40103 SET TIME_ZONE='+00:00' */;
/*!40014 SET @OLD_UNIQUE_CHECKS=@@UNIQUE_CHECKS, UNIQUE_CHECKS=0 */;
/*!40014 SET @OLD_FOREIGN_KEY_CHECKS=@@FOREIGN_KEY_CHECKS, FOREIGN_KEY_CHECKS=0 */;
/*!40101 SET @OLD_SQL_MODE=@@SQL_MODE, SQL_MODE='NO_AUTO_VALUE_ON_ZERO' */;
/*!40111 SET @OLD_SQL_NOTES=@@SQL_NOTES, SQL_NOTES=0 */;

--
-- Table structure for table `perfis`
--

DROP TABLE IF EXISTS `perfis`;
/*!40101 SET @saved_cs_client     = @@character_set_client */;
/*!50503 SET character_set_client = utf8mb4 */;
CREATE TABLE `perfis` (
  `id` bigint NOT NULL AUTO_INCREMENT,
  `descricao` varchar(255) NOT NULL,
  PRIMARY KEY (`id`),
  UNIQUE KEY `UK_PERFIL_DESCRICAO` (`descricao`)
) ENGINE=InnoDB AUTO_INCREMENT=4 DEFAULT CHARSET=utf8mb3;
/*!40101 SET character_set_client = @saved_cs_client */;

--
-- Dumping data for table `perfis`
--

LOCK TABLES `perfis` WRITE;
/*!40000 ALTER TABLE `perfis` DISABLE KEYS */;
INSERT INTO `perfis` VALUES (1,'ADMIN'),(2,'AFILIADO'),(3,'START');
/*!40000 ALTER TABLE `perfis` ENABLE KEYS */;
UNLOCK TABLES;

--
-- Table structure for table `usuarios`
--

DROP TABLE IF EXISTS `usuarios`;
/*!40101 SET @saved_cs_client     = @@character_set_client */;
/*!50503 SET character_set_client = utf8mb4 */;
CREATE TABLE `usuarios` (
  `id` bigint NOT NULL AUTO_INCREMENT,
  `ativo` tinyint(1) NOT NULL,
  `email` varchar(255) NOT NULL,
  `senha` varchar(255) NOT NULL,
  `codigo_verificador` varchar(6) DEFAULT NULL,
  PRIMARY KEY (`id`),
  UNIQUE KEY `UK_USUARIO_EMAIL` (`email`),
  KEY `IDX_USUARIO_EMAIL` (`email`)
) ENGINE=InnoDB AUTO_INCREMENT=6 DEFAULT CHARSET=utf8mb3;
/*!40101 SET character_set_client = @saved_cs_client */;

--
-- Dumping data for table `usuarios`
--

LOCK TABLES `usuarios` WRITE;
/*!40000 ALTER TABLE `usuarios` DISABLE KEYS */;
INSERT INTO `usuarios` VALUES (1,1,'admin@afiliado.com','$2a$10$0mixFlGW4BO4sUE5mwlnpO4QrjmL5FY1d53hb7keXZk6TVQRQYp8m',NULL),(2,1,'afiliado@afiliado.com','$2a$10$hnbgQd3NaSlPK36.ewrMnuj3feMMmRTXqACj3g/V3R5wJHsLKIxku',NULL),(3,1,'usuario@afiliado.com','$2a$10$fOZjXslF0wLIVzkl9qT8I.uPjiXA3XvYFQAbSlZNXkL7pgsnq5IMO',NULL),(4,1,'admin_afiliado@afiliado.com','$2a$10$cVNWI0WcdkSbIl6uylRcE.loMb.sHVKOVAh3AIJk5n8VnKwc860w2',NULL),(5,1,'juliano_afiliado@afiliado.com','$2a$10$l7jnUzLRCOMFe2b2fhTY1ekCNkArrHi7FN3P/C/PCneItR7yz5JX6',NULL);
/*!40000 ALTER TABLE `usuarios` ENABLE KEYS */;
UNLOCK TABLES;

--
-- Table structure for table `usuarios_tem_perfis`
--

DROP TABLE IF EXISTS `usuarios_tem_perfis`;
/*!40101 SET @saved_cs_client     = @@character_set_client */;
/*!50503 SET character_set_client = utf8mb4 */;
CREATE TABLE `usuarios_tem_perfis` (
  `usuario_id` bigint NOT NULL,
  `perfil_id` bigint NOT NULL,
  PRIMARY KEY (`usuario_id`,`perfil_id`),
  KEY `FK_USUARIO_TEM_PERFIL_ID` (`perfil_id`),
  KEY `FK_PERFIL_TEM_USUARIO_ID` (`usuario_id`),
  CONSTRAINT `FK_PERFIL_TEM_USUARIO_ID` FOREIGN KEY (`usuario_id`) REFERENCES `usuarios` (`id`),
  CONSTRAINT `FK_USUARIO_TEM_PERFIL_ID` FOREIGN KEY (`perfil_id`) REFERENCES `perfis` (`id`)
) ENGINE=InnoDB DEFAULT CHARSET=utf8mb3;
/*!40101 SET character_set_client = @saved_cs_client */;

--
-- Dumping data for table `usuarios_tem_perfis`
--

LOCK TABLES `usuarios_tem_perfis` WRITE;
/*!40000 ALTER TABLE `usuarios_tem_perfis` DISABLE KEYS */;
INSERT INTO `usuarios_tem_perfis` VALUES (1,1),(4,1),(5,1),(2,2),(4,2),(5,2),(3,3);
/*!40000 ALTER TABLE `usuarios_tem_perfis` ENABLE KEYS */;
UNLOCK TABLES;

--
-- Dumping events for database 'login_afiliado'
--

--
-- Dumping routines for database 'login_afiliado'
--
/*!40103 SET TIME_ZONE=@OLD_TIME_ZONE */;

/*!40101 SET SQL_MODE=@OLD_SQL_MODE */;
/*!40014 SET FOREIGN_KEY_CHECKS=@OLD_FOREIGN_KEY_CHECKS */;
/*!40014 SET UNIQUE_CHECKS=@OLD_UNIQUE_CHECKS */;
/*!40101 SET CHARACTER_SET_CLIENT=@OLD_CHARACTER_SET_CLIENT */;
/*!40101 SET CHARACTER_SET_RESULTS=@OLD_CHARACTER_SET_RESULTS */;
/*!40101 SET COLLATION_CONNECTION=@OLD_COLLATION_CONNECTION */;
/*!40111 SET SQL_NOTES=@OLD_SQL_NOTES */;

-- Dump completed on 2023-04-08 18:39:22
